,event,start_time,end_time,source
7,meteor,2024-07-26 01:50:59,2024-07-26 01:51:01,AMS
8,meteor,2024-07-26 06:10:59,2024-07-26 06:11:01,AMS
9,meteor,2024-07-27 00:51:59,2024-07-27 00:52:01,AMS
10,meteor,2024-07-27 01:13:59,2024-07-27 01:14:01,AMS
11,meteor,2024-07-27 01:42:59,2024-07-27 01:43:01,AMS
12,meteor,2024-07-27 01:59:59,2024-07-27 02:00:01,AMS
13,meteor,2024-07-27 05:15:59,2024-07-27 05:16:01,AMS
14,meteor,2024-07-27 05:55:59,2024-07-27 05:56:01,AMS
15,meteor,2024-07-27 08:45:59,2024-07-27 08:46:01,AMS
16,meteor,2024-07-28 03:01:59,2024-07-28 03:02:01,AMS
17,meteor,2024-07-28 05:18:59,2024-07-28 05:19:01,AMS
18,meteor,2024-07-28 05:19:59,2024-07-28 05:20:01,AMS
19,meteor,2024-07-28 06:40:59,2024-07-28 06:41:01,AMS
20,meteor,2024-07-29 05:06:59,2024-07-29 05:07:01,AMS
21,meteor,2024-07-29 05:47:59,2024-07-29 05:48:01,AMS
22,meteor,2024-07-30 02:14:59,2024-07-30 02:15:01,AMS
23,meteor,2024-07-30 02:28:59,2024-07-30 02:29:01,AMS
24,meteor,2024-07-30 03:39:59,2024-07-30 03:40:01,AMS
25,meteor,2024-07-30 02:59:59,2024-07-30 03:00:01,AMS
26,meteor,2024-07-30 04:25:59,2024-07-30 04:26:01,AMS
27,meteor,2024-07-30 05:48:59,2024-07-30 05:49:01,AMS
28,meteor,2024-07-30 06:46:59,2024-07-30 06:47:01,AMS
29,meteor,2024-07-31 01:20:59,2024-07-31 01:21:01,AMS
30,meteor,2024-07-31 04:49:59,2024-07-31 04:50:01,AMS
31,meteor,2024-07-31 06:09:59,2024-07-31 06:10:01,AMS
32,meteor,2024-07-31 02:53:59,2024-07-31 02:54:01,AMS
33,meteor,2024-08-01 03:29:59,2024-08-01 03:30:01,AMS
34,meteor,2024-08-01 04:41:59,2024-08-01 04:42:01,AMS
35,meteor,2024-08-02 01:11:59,2024-08-02 01:12:01,AMS
36,meteor,2024-08-02 01:12:59,2024-08-02 01:13:01,AMS
37,meteor,2024-08-02 02:51:59,2024-08-02 02:52:01,AMS
38,meteor,2024-08-02 03:14:59,2024-08-02 03:15:01,AMS
39,meteor,2024-08-02 03:44:59,2024-08-02 03:45:01,AMS
40,meteor,2024-08-02 03:46:59,2024-08-02 03:47:01,AMS
41,meteor,2024-08-02 05:17:59,2024-08-02 05:18:01,AMS
42,meteor,2024-08-02 06:11:59,2024-08-02 06:12:01,AMS
43,meteor,2024-08-03 00:33:59,2024-08-03 00:34:01,AMS
44,meteor,2024-08-03 01:46:59,2024-08-03 01:47:01,AMS
45,meteor,2024-08-03 02:40:59,2024-08-03 02:41:01,AMS
46,meteor,2024-08-03 03:22:59,2024-08-03 03:23:01,AMS
47,meteor,2024-08-03 04:54:59,2024-08-03 04:55:01,AMS
48,meteor,2024-08-05 02:00:59,2024-08-05 02:01:01,AMS
49,meteor,2024-08-05 02:19:59,2024-08-05 02:20:01,AMS
50,meteor,2024-08-05 02:19:59,2024-08-05 02:20:01,AMS
51,meteor,2024-08-05 02:20:59,2024-08-05 02:21:01,AMS
52,meteor,2024-08-05 03:05:59,2024-08-05 03:06:01,AMS
53,meteor,2024-08-05 03:24:59,2024-08-05 03:25:01,AMS
54,meteor,2024-08-05 05:17:59,2024-08-05 05:18:01,AMS
55,meteor,2024-08-06 01:53:59,2024-08-06 01:54:01,AMS
56,meteor,2024-08-06 02:31:59,2024-08-06 02:32:01,AMS
57,meteor,2024-08-06 03:52:59,2024-08-06 03:53:01,AMS
58,meteor,2024-08-06 03:37:59,2024-08-06 03:38:01,AMS
59,meteor,2024-08-06 03:58:59,2024-08-06 03:59:01,AMS
60,meteor,2024-08-06 06:59:59,2024-08-06 07:00:01,AMS
61,meteor,2024-08-06 09:59:59,2024-08-06 10:00:01,AMS
62,meteor,2024-08-07 03:56:59,2024-08-07 03:57:01,AMS
63,meteor,2024-08-08 01:52:59,2024-08-08 01:53:01,AMS
64,meteor,2024-08-08 01:59:59,2024-08-08 02:00:01,AMS
65,meteor,2024-08-08 02:04:59,2024-08-08 02:05:01,AMS
66,meteor,2024-08-08 03:06:59,2024-08-08 03:07:01,AMS
67,meteor,2024-08-08 03:59:59,2024-08-08 04:00:01,AMS
68,meteor,2024-08-08 04:45:59,2024-08-08 04:46:01,AMS
69,meteor,2024-08-08 05:32:59,2024-08-08 05:33:01,AMS
70,meteor,2024-08-08 07:08:59,2024-08-08 07:09:01,AMS
71,meteor,2024-08-09 06:34:59,2024-08-09 06:35:01,AMS
72,meteor,2024-08-10 01:43:59,2024-08-10 01:44:01,AMS
73,meteor,2024-08-10 01:44:59,2024-08-10 01:45:01,AMS
74,meteor,2024-08-10 02:52:59,2024-08-10 02:53:01,AMS
75,meteor,2024-08-10 03:04:59,2024-08-10 03:05:01,AMS
76,meteor,2024-08-10 07:27:59,2024-08-10 07:28:01,AMS
77,meteor,2024-08-10 09:04:59,2024-08-10 09:05:01,AMS
78,meteor,2024-08-10 09:54:59,2024-08-10 09:55:01,AMS
79,meteor,2024-08-10 13:49:59,2024-08-10 13:50:01,AMS
80,meteor,2024-08-10 14:00:59,2024-08-10 14:01:01,AMS
81,meteor,2024-08-10 22:09:59,2024-08-10 22:10:01,AMS
82,meteor,2024-08-10 22:14:59,2024-08-10 22:15:01,AMS
83,meteor,2024-08-10 23:19:59,2024-08-10 23:20:01,AMS
85,meteor,2024-08-11 01:15:59,2024-08-11 01:16:01,AMS
86,meteor,2024-08-11 01:47:59,2024-08-11 01:48:01,AMS
87,meteor,2024-08-11 02:00:59,2024-08-11 02:01:01,AMS
88,meteor,2024-08-11 02:45:59,2024-08-11 02:46:01,AMS
89,meteor,2024-08-11 02:59:59,2024-08-11 03:00:01,AMS
90,meteor,2024-08-11 03:07:59,2024-08-11 03:08:01,AMS
91,meteor,2024-08-11 03:21:59,2024-08-11 03:22:01,AMS
92,meteor,2024-08-11 03:46:59,2024-08-11 03:47:01,AMS
93,meteor,2024-08-11 03:47:59,2024-08-11 03:48:01,AMS
94,meteor,2024-08-11 04:11:59,2024-08-11 04:12:01,AMS
95,meteor,2024-08-11 04:29:59,2024-08-11 04:30:01,AMS
96,meteor,2024-08-11 04:33:59,2024-08-11 04:34:01,AMS
97,meteor,2024-08-11 05:22:59,2024-08-11 05:23:01,AMS
98,meteor,2024-08-11 05:26:59,2024-08-11 05:27:01,AMS
99,meteor,2024-08-11 07:28:59,2024-08-11 07:29:01,AMS
100,meteor,2024-08-11 09:00:59,2024-08-11 09:01:01,AMS
101,meteor,2024-08-11 09:14:59,2024-08-11 09:15:01,AMS
102,meteor,2024-08-11 09:26:59,2024-08-11 09:27:01,AMS
103,meteor,2024-08-11 11:44:59,2024-08-11 11:45:01,AMS
104,meteor,2024-08-11 14:04:59,2024-08-11 14:05:01,AMS
105,meteor,2024-08-11 16:39:59,2024-08-11 16:40:01,AMS
106,meteor,2024-08-11 22:08:59,2024-08-11 22:09:01,AMS
107,meteor,2024-08-11 22:44:59,2024-08-11 22:45:01,AMS
108,meteor,2024-08-11 22:53:59,2024-08-11 22:54:01,AMS
109,meteor,2024-08-11 23:55:59,2024-08-11 23:56:01,AMS
110,meteor,2024-08-12 02:14:59,2024-08-12 02:15:01,AMS
111,meteor,2024-08-12 03:25:59,2024-08-12 03:26:01,AMS
112,meteor,2024-08-12 03:26:59,2024-08-12 03:27:01,AMS
113,meteor,2024-08-12 04:11:59,2024-08-12 04:12:01,AMS
114,meteor,2024-08-12 04:13:59,2024-08-12 04:14:01,AMS
115,meteor,2024-08-12 04:19:59,2024-08-12 04:20:01,AMS
116,meteor,2024-08-12 04:24:59,2024-08-12 04:25:01,AMS
117,meteor,2024-08-12 04:29:59,2024-08-12 04:30:01,AMS
118,meteor,2024-08-12 04:28:59,2024-08-12 04:29:01,AMS
119,meteor,2024-08-12 04:34:59,2024-08-12 04:35:01,AMS
120,meteor,2024-08-12 05:14:59,2024-08-12 05:15:01,AMS
121,meteor,2024-08-12 05:46:59,2024-08-12 05:47:01,AMS
122,meteor,2024-08-12 06:09:59,2024-08-12 06:10:01,AMS
123,meteor,2024-08-12 06:24:59,2024-08-12 06:25:01,AMS
124,meteor,2024-08-12 06:47:59,2024-08-12 06:48:01,AMS
125,meteor,2024-08-12 07:48:59,2024-08-12 07:49:01,AMS
126,meteor,2024-08-12 09:25:59,2024-08-12 09:26:01,AMS
127,meteor,2024-08-12 09:29:59,2024-08-12 09:30:01,AMS
128,meteor,2024-08-12 10:14:59,2024-08-12 10:15:01,AMS
129,meteor,2024-08-12 13:19:59,2024-08-12 13:20:01,AMS
131,meteor,2024-08-12 20:14:59,2024-08-12 20:15:01,AMS
133,meteor,2024-08-12 22:56:59,2024-08-12 22:57:01,AMS
134,meteor,2024-08-13 01:48:59,2024-08-13 01:49:01,AMS
135,meteor,2024-08-13 02:28:59,2024-08-13 02:29:01,AMS
136,meteor,2024-08-13 03:11:59,2024-08-13 03:12:01,AMS
137,meteor,2024-08-13 03:29:59,2024-08-13 03:30:01,AMS
138,meteor,2024-08-13 04:31:59,2024-08-13 04:32:01,AMS
139,meteor,2024-08-13 04:27:59,2024-08-13 04:28:01,AMS
140,meteor,2024-08-13 04:53:59,2024-08-13 04:54:01,AMS
141,meteor,2024-08-13 05:15:59,2024-08-13 05:16:01,AMS
142,meteor,2024-08-13 06:28:59,2024-08-13 06:29:01,AMS
143,meteor,2024-08-13 06:29:59,2024-08-13 06:30:01,AMS
144,meteor,2024-08-13 07:01:59,2024-08-13 07:02:01,AMS
149,meteor,2024-08-14 00:56:59,2024-08-14 00:57:01,AMS
150,meteor,2024-08-14 00:59:59,2024-08-14 01:00:01,AMS
151,meteor,2024-08-14 02:16:59,2024-08-14 02:17:01,AMS
152,meteor,2024-08-14 02:44:59,2024-08-14 02:45:01,AMS
153,meteor,2024-08-14 03:19:59,2024-08-14 03:20:01,AMS
158,meteor,2024-08-15 00:59:59,2024-08-15 01:00:01,AMS
161,meteor,2024-08-16 01:09:59,2024-08-16 01:10:01,AMS
163,meteor,2024-08-16 06:17:59,2024-08-16 06:18:01,AMS
164,meteor,2024-08-16 06:49:59,2024-08-16 06:50:01,AMS
165,meteor,2024-08-16 08:29:59,2024-08-16 08:30:01,AMS
166,meteor,2024-08-16 22:42:59,2024-08-16 22:43:01,AMS
167,meteor,2024-08-17 02:09:59,2024-08-17 02:10:01,AMS
168,meteor,2024-08-17 02:42:59,2024-08-17 02:43:01,AMS
169,meteor,2024-08-17 06:22:59,2024-08-17 06:23:01,AMS
170,meteor,2024-08-18 01:14:59,2024-08-18 01:15:01,AMS
172,meteor,2024-08-18 07:32:59,2024-08-18 07:33:01,AMS
173,meteor,2024-08-18 09:59:59,2024-08-18 10:00:01,AMS
174,meteor,2024-08-19 03:39:59,2024-08-19 03:40:01,AMS
175,meteor,2024-08-19 04:46:59,2024-08-19 04:47:01,AMS
176,meteor,2024-08-19 05:59:59,2024-08-19 06:00:01,AMS
177,meteor,2024-08-19 08:33:59,2024-08-19 08:34:01,AMS
178,meteor,2024-08-20 01:14:59,2024-08-20 01:15:01,AMS
179,meteor,2024-08-20 02:09:59,2024-08-20 02:10:01,AMS
180,meteor,2024-08-20 04:49:59,2024-08-20 04:50:01,AMS
181,meteor,2024-08-20 05:14:59,2024-08-20 05:15:01,AMS
182,meteor,2024-08-20 14:59:59,2024-08-20 15:00:01,AMS
184,meteor,2024-08-21 01:21:59,2024-08-21 01:22:01,AMS
185,meteor,2024-08-21 01:44:59,2024-08-21 01:45:01,AMS
187,meteor,2024-08-22 00:28:59,2024-08-22 00:29:01,AMS
189,meteor,2024-08-22 11:13:59,2024-08-22 11:14:01,AMS
190,meteor,2024-08-22 22:59:59,2024-08-22 23:00:01,AMS
191,meteor,2024-08-23 00:14:59,2024-08-23 00:15:01,AMS
192,meteor,2024-08-23 01:11:59,2024-08-23 01:12:01,AMS
193,meteor,2024-08-23 01:43:59,2024-08-23 01:44:01,AMS
194,meteor,2024-08-23 03:23:59,2024-08-23 03:24:01,AMS
195,meteor,2024-08-23 03:44:59,2024-08-23 03:45:01,AMS
196,meteor,2024-08-23 04:29:59,2024-08-23 04:30:01,AMS
197,meteor,2024-08-23 05:13:59,2024-08-23 05:14:01,AMS
198,meteor,2024-08-23 11:12:59,2024-08-23 11:13:01,AMS
199,meteor,2024-08-24 01:14:59,2024-08-24 01:15:01,AMS
200,meteor,2024-08-24 02:09:59,2024-08-24 02:10:01,AMS
201,meteor,2024-08-24 02:07:59,2024-08-24 02:08:01,AMS
202,meteor,2024-08-24 02:44:59,2024-08-24 02:45:01,AMS
203,meteor,2024-08-24 03:14:59,2024-08-24 03:15:01,AMS
204,meteor,2024-08-24 11:34:59,2024-08-24 11:35:01,AMS
205,meteor,2024-08-24 23:49:59,2024-08-24 23:50:01,AMS
206,meteor,2024-08-25 01:26:59,2024-08-25 01:27:01,AMS
207,meteor,2024-08-25 02:07:59,2024-08-25 02:08:01,AMS
208,meteor,2024-08-25 02:19:59,2024-08-25 02:20:01,AMS
210,meteor,2024-08-25 04:46:59,2024-08-25 04:47:01,AMS
212,meteor,2024-08-25 09:04:59,2024-08-25 09:05:01,AMS
213,meteor,2024-08-25 23:37:59,2024-08-25 23:38:01,AMS
214,meteor,2024-08-26 00:39:59,2024-08-26 00:40:01,AMS
215,meteor,2024-08-26 00:41:59,2024-08-26 00:42:01,AMS
216,meteor,2024-08-26 02:09:59,2024-08-26 02:10:01,AMS
217,meteor,2024-08-26 03:26:59,2024-08-26 03:27:01,AMS
218,meteor,2024-08-26 03:49:59,2024-08-26 03:50:01,AMS
219,meteor,2024-08-26 04:19:59,2024-08-26 04:20:01,AMS
220,meteor,2024-08-26 09:30:59,2024-08-26 09:31:01,AMS
221,meteor,2024-08-27 01:49:59,2024-08-27 01:50:01,AMS
223,meteor,2024-08-27 09:29:59,2024-08-27 09:30:01,AMS
226,meteor,2024-08-28 00:23:59,2024-08-28 00:24:01,AMS
8,meteor,2024-08-01 04:31:28,2024-08-01 04:31:30,NASA
9,meteor,2024-08-01 04:42:13,2024-08-01 04:42:15,NASA
10,meteor,2024-08-01 05:15:39,2024-08-01 05:15:41,NASA
11,meteor,2024-08-01 05:19:36,2024-08-01 05:19:38,NASA
12,meteor,2024-08-01 06:09:30,2024-08-01 06:09:32,NASA
13,meteor,2024-08-01 07:11:10,2024-08-01 07:11:12,NASA
14,meteor,2024-08-01 07:14:36,2024-08-01 07:14:38,NASA
15,meteor,2024-08-01 08:14:15,2024-08-01 08:14:17,NASA
16,meteor,2024-08-01 08:25:19,2024-08-01 08:25:21,NASA
17,meteor,2024-08-01 08:45:09,2024-08-01 08:45:11,NASA
18,meteor,2024-08-01 08:48:25,2024-08-01 08:48:27,NASA
19,meteor,2024-08-01 09:25:17,2024-08-01 09:25:19,NASA
20,meteor,2024-08-02 04:42:11,2024-08-02 04:42:13,NASA
21,meteor,2024-08-02 05:47:27,2024-08-02 05:47:29,NASA
22,meteor,2024-08-02 05:58:05,2024-08-02 05:58:07,NASA
23,meteor,2024-08-02 06:05:03,2024-08-02 06:05:05,NASA
24,meteor,2024-08-02 06:53:40,2024-08-02 06:53:42,NASA
25,meteor,2024-08-02 08:07:29,2024-08-02 08:07:31,NASA
26,meteor,2024-08-02 08:08:32,2024-08-02 08:08:34,NASA
27,meteor,2024-08-02 08:11:39,2024-08-02 08:11:41,NASA
28,meteor,2024-08-02 08:11:45,2024-08-02 08:11:47,NASA
29,meteor,2024-08-02 08:16:01,2024-08-02 08:16:03,NASA
30,meteor,2024-08-02 08:29:51,2024-08-02 08:29:53,NASA
31,meteor,2024-08-02 09:19:52,2024-08-02 09:19:54,NASA
32,meteor,2024-08-02 09:52:46,2024-08-02 09:52:48,NASA
33,meteor,2024-08-02 09:54:51,2024-08-02 09:54:53,NASA
34,meteor,2024-08-02 10:43:45,2024-08-02 10:43:47,NASA
35,meteor,2024-08-02 10:43:53,2024-08-02 10:43:55,NASA
36,meteor,2024-08-02 11:04:46,2024-08-02 11:04:48,NASA
37,meteor,2024-08-02 11:08:14,2024-08-02 11:08:16,NASA
38,meteor,2024-08-02 11:21:15,2024-08-02 11:21:17,NASA
39,meteor,2024-08-02 06:08:44,2024-08-02 06:08:46,NASA
40,meteor,2024-08-02 07:07:35,2024-08-02 07:07:37,NASA
41,meteor,2024-08-02 08:11:39,2024-08-02 08:11:41,NASA
42,meteor,2024-08-02 08:24:21,2024-08-02 08:24:23,NASA
43,meteor,2024-08-02 09:04:59,2024-08-02 09:05:01,NASA
44,meteor,2024-08-02 09:42:04,2024-08-02 09:42:06,NASA
45,meteor,2024-08-02 09:53:58,2024-08-02 09:54:00,NASA
46,meteor,2024-08-02 11:21:15,2024-08-02 11:21:17,NASA
47,meteor,2024-08-03 05:16:35,2024-08-03 05:16:37,NASA
48,meteor,2024-08-03 05:21:21,2024-08-03 05:21:23,NASA
49,meteor,2024-08-03 05:30:14,2024-08-03 05:30:16,NASA
50,meteor,2024-08-03 05:41:05,2024-08-03 05:41:07,NASA
51,meteor,2024-08-03 05:41:12,2024-08-03 05:41:14,NASA
52,meteor,2024-08-03 07:26:14,2024-08-03 07:26:16,NASA
53,meteor,2024-08-03 07:52:27,2024-08-03 07:52:29,NASA
54,meteor,2024-08-03 07:59:18,2024-08-03 07:59:20,NASA
55,meteor,2024-08-03 08:08:54,2024-08-03 08:08:56,NASA
56,meteor,2024-08-03 08:32:26,2024-08-03 08:32:28,NASA
57,meteor,2024-08-03 09:01:43,2024-08-03 09:01:45,NASA
58,meteor,2024-08-03 09:04:00,2024-08-03 09:04:02,NASA
59,meteor,2024-08-03 09:13:06,2024-08-03 09:13:08,NASA
60,meteor,2024-08-03 09:34:29,2024-08-03 09:34:31,NASA
61,meteor,2024-08-03 09:36:14,2024-08-03 09:36:16,NASA
62,meteor,2024-08-03 09:50:20,2024-08-03 09:50:22,NASA
63,meteor,2024-08-03 10:37:42,2024-08-03 10:37:44,NASA
64,meteor,2024-08-03 10:46:03,2024-08-03 10:46:05,NASA
65,meteor,2024-08-03 10:54:06,2024-08-03 10:54:08,NASA
66,meteor,2024-08-03 11:38:56,2024-08-03 11:38:58,NASA
67,meteor,2024-08-03 11:41:15,2024-08-03 11:41:17,NASA
68,meteor,2024-08-04 03:57:39,2024-08-04 03:57:41,NASA
69,meteor,2024-08-04 03:58:42,2024-08-04 03:58:44,NASA
70,meteor,2024-08-04 04:43:30,2024-08-04 04:43:32,NASA
71,meteor,2024-08-04 05:27:51,2024-08-04 05:27:53,NASA
72,meteor,2024-08-04 06:04:00,2024-08-04 06:04:02,NASA
73,meteor,2024-08-04 06:11:35,2024-08-04 06:11:37,NASA
74,meteor,2024-08-04 06:24:08,2024-08-04 06:24:10,NASA
75,meteor,2024-08-04 07:02:50,2024-08-04 07:02:52,NASA
76,meteor,2024-08-04 07:06:44,2024-08-04 07:06:46,NASA
77,meteor,2024-08-04 07:23:32,2024-08-04 07:23:34,NASA
78,meteor,2024-08-04 08:00:46,2024-08-04 08:00:48,NASA
79,meteor,2024-08-04 08:03:14,2024-08-04 08:03:16,NASA
80,meteor,2024-08-04 08:24:53,2024-08-04 08:24:55,NASA
81,meteor,2024-08-04 08:26:29,2024-08-04 08:26:31,NASA
82,meteor,2024-08-04 08:37:14,2024-08-04 08:37:16,NASA
83,meteor,2024-08-04 08:43:00,2024-08-04 08:43:02,NASA
84,meteor,2024-08-04 08:47:40,2024-08-04 08:47:42,NASA
85,meteor,2024-08-04 08:51:40,2024-08-04 08:51:42,NASA
86,meteor,2024-08-04 08:58:39,2024-08-04 08:58:41,NASA
87,meteor,2024-08-04 09:06:25,2024-08-04 09:06:27,NASA
88,meteor,2024-08-04 09:23:55,2024-08-04 09:23:57,NASA
89,meteor,2024-08-04 09:24:46,2024-08-04 09:24:48,NASA
90,meteor,2024-08-04 09:32:01,2024-08-04 09:32:03,NASA
91,meteor,2024-08-04 10:00:08,2024-08-04 10:00:10,NASA
92,meteor,2024-08-04 10:01:25,2024-08-04 10:01:27,NASA
93,meteor,2024-08-04 10:16:34,2024-08-04 10:16:36,NASA
94,meteor,2024-08-04 11:38:28,2024-08-04 11:38:30,NASA
95,meteor,2024-08-05 07:06:27,2024-08-05 07:06:29,NASA
96,meteor,2024-08-05 07:07:37,2024-08-05 07:07:39,NASA
97,meteor,2024-08-05 07:12:45,2024-08-05 07:12:47,NASA
98,meteor,2024-08-05 07:24:07,2024-08-05 07:24:09,NASA
99,meteor,2024-08-05 07:51:23,2024-08-05 07:51:25,NASA
100,meteor,2024-08-05 07:58:03,2024-08-05 07:58:05,NASA
101,meteor,2024-08-05 08:07:09,2024-08-05 08:07:11,NASA
102,meteor,2024-08-05 08:11:27,2024-08-05 08:11:29,NASA
103,meteor,2024-08-05 08:38:41,2024-08-05 08:38:43,NASA
104,meteor,2024-08-05 08:41:24,2024-08-05 08:41:26,NASA
105,meteor,2024-08-05 09:12:28,2024-08-05 09:12:30,NASA
106,meteor,2024-08-05 09:19:41,2024-08-05 09:19:43,NASA
107,meteor,2024-08-05 09:34:49,2024-08-05 09:34:51,NASA
108,meteor,2024-08-05 09:44:22,2024-08-05 09:44:24,NASA
109,meteor,2024-08-05 09:55:01,2024-08-05 09:55:03,NASA
110,meteor,2024-08-05 11:14:10,2024-08-05 11:14:12,NASA
111,meteor,2024-08-03 07:57:43,2024-08-03 07:57:45,NASA
112,meteor,2024-08-03 08:21:27,2024-08-03 08:21:29,NASA
113,meteor,2024-08-03 08:36:06,2024-08-03 08:36:08,NASA
114,meteor,2024-08-03 09:18:01,2024-08-03 09:18:03,NASA
115,meteor,2024-08-03 10:58:17,2024-08-03 10:58:19,NASA
116,meteor,2024-08-04 05:56:00,2024-08-04 05:56:02,NASA
117,meteor,2024-08-04 07:06:44,2024-08-04 07:06:46,NASA
118,meteor,2024-08-04 07:51:16,2024-08-04 07:51:18,NASA
119,meteor,2024-08-04 08:26:29,2024-08-04 08:26:31,NASA
120,meteor,2024-08-04 10:00:08,2024-08-04 10:00:10,NASA
121,meteor,2024-08-04 10:22:18,2024-08-04 10:22:20,NASA
122,meteor,2024-08-05 02:21:28,2024-08-05 02:21:30,NASA
123,meteor,2024-08-05 07:46:34,2024-08-05 07:46:36,NASA
124,meteor,2024-08-05 08:38:41,2024-08-05 08:38:43,NASA
125,meteor,2024-08-05 09:37:28,2024-08-05 09:37:30,NASA
126,meteor,2024-08-05 09:41:40,2024-08-05 09:41:42,NASA
127,meteor,2024-08-05 10:42:12,2024-08-05 10:42:14,NASA
128,meteor,2024-08-05 10:46:10,2024-08-05 10:46:12,NASA
129,meteor,2024-08-06 04:32:04,2024-08-06 04:32:06,NASA
130,meteor,2024-08-06 05:27:57,2024-08-06 05:27:59,NASA
131,meteor,2024-08-06 05:31:50,2024-08-06 05:31:52,NASA
132,meteor,2024-08-06 05:40:31,2024-08-06 05:40:33,NASA
133,meteor,2024-08-06 06:39:48,2024-08-06 06:39:50,NASA
134,meteor,2024-08-06 07:28:14,2024-08-06 07:28:16,NASA
135,meteor,2024-08-06 07:45:43,2024-08-06 07:45:45,NASA
136,meteor,2024-08-06 09:23:03,2024-08-06 09:23:05,NASA
137,meteor,2024-08-06 09:45:28,2024-08-06 09:45:30,NASA
138,meteor,2024-08-06 09:49:20,2024-08-06 09:49:22,NASA
139,meteor,2024-08-06 09:50:03,2024-08-06 09:50:05,NASA
140,meteor,2024-08-06 09:56:27,2024-08-06 09:56:29,NASA
141,meteor,2024-08-06 09:58:52,2024-08-06 09:58:54,NASA
142,meteor,2024-08-06 10:02:54,2024-08-06 10:02:56,NASA
143,meteor,2024-08-06 11:06:46,2024-08-06 11:06:48,NASA
144,meteor,2024-08-06 11:25:39,2024-08-06 11:25:41,NASA
145,meteor,2024-08-06 11:28:53,2024-08-06 11:28:55,NASA
146,meteor,2024-08-06 02:47:26,2024-08-06 02:47:28,NASA
147,meteor,2024-08-07 07:05:45,2024-08-07 07:05:47,NASA
148,meteor,2024-08-07 07:14:27,2024-08-07 07:14:29,NASA
149,meteor,2024-08-07 08:44:46,2024-08-07 08:44:48,NASA
150,meteor,2024-08-07 10:06:29,2024-08-07 10:06:31,NASA
151,meteor,2024-08-07 11:45:24,2024-08-07 11:45:26,NASA
152,meteor,2024-08-08 01:48:41,2024-08-08 01:48:43,NASA
153,meteor,2024-08-08 01:52:49,2024-08-08 01:52:51,NASA
154,meteor,2024-08-08 05:20:26,2024-08-08 05:20:28,NASA
155,meteor,2024-08-08 05:49:55,2024-08-08 05:49:57,NASA
156,meteor,2024-08-08 06:50:23,2024-08-08 06:50:25,NASA
157,meteor,2024-08-08 06:55:24,2024-08-08 06:55:26,NASA
158,meteor,2024-08-08 07:31:15,2024-08-08 07:31:17,NASA
159,meteor,2024-08-08 07:33:07,2024-08-08 07:33:09,NASA
160,meteor,2024-08-08 08:53:35,2024-08-08 08:53:37,NASA
161,meteor,2024-08-08 08:54:03,2024-08-08 08:54:05,NASA
162,meteor,2024-08-08 08:58:43,2024-08-08 08:58:45,NASA
163,meteor,2024-08-08 09:02:05,2024-08-08 09:02:07,NASA
164,meteor,2024-08-08 09:02:24,2024-08-08 09:02:26,NASA
165,meteor,2024-08-08 09:24:19,2024-08-08 09:24:21,NASA
166,meteor,2024-08-08 10:05:20,2024-08-08 10:05:22,NASA
167,meteor,2024-08-08 10:21:53,2024-08-08 10:21:55,NASA
168,meteor,2024-08-08 10:34:57,2024-08-08 10:34:59,NASA
169,meteor,2024-08-08 11:16:05,2024-08-08 11:16:07,NASA
170,meteor,2024-08-08 04:14:53,2024-08-08 04:14:55,NASA
171,meteor,2024-08-08 04:54:02,2024-08-08 04:54:04,NASA
172,meteor,2024-08-08 05:46:44,2024-08-08 05:46:46,NASA
173,meteor,2024-08-08 06:56:46,2024-08-08 06:56:48,NASA
174,meteor,2024-08-08 08:26:47,2024-08-08 08:26:49,NASA
175,meteor,2024-08-08 08:30:41,2024-08-08 08:30:43,NASA
176,meteor,2024-08-08 08:54:03,2024-08-08 08:54:05,NASA
177,meteor,2024-08-08 09:10:40,2024-08-08 09:10:42,NASA
178,meteor,2024-08-09 03:50:50,2024-08-09 03:50:52,NASA
179,meteor,2024-08-09 03:58:34,2024-08-09 03:58:36,NASA
180,meteor,2024-08-09 04:55:05,2024-08-09 04:55:07,NASA
181,meteor,2024-08-09 04:58:38,2024-08-09 04:58:40,NASA
182,meteor,2024-08-09 05:02:36,2024-08-09 05:02:38,NASA
183,meteor,2024-08-09 06:35:52,2024-08-09 06:35:54,NASA
184,meteor,2024-08-09 06:53:15,2024-08-09 06:53:17,NASA
185,meteor,2024-08-09 07:44:06,2024-08-09 07:44:08,NASA
186,meteor,2024-08-09 07:44:48,2024-08-09 07:44:50,NASA
187,meteor,2024-08-09 07:46:04,2024-08-09 07:46:06,NASA
188,meteor,2024-08-09 07:57:46,2024-08-09 07:57:48,NASA
189,meteor,2024-08-09 08:02:40,2024-08-09 08:02:42,NASA
190,meteor,2024-08-09 08:16:55,2024-08-09 08:16:57,NASA
191,meteor,2024-08-09 08:25:03,2024-08-09 08:25:05,NASA
192,meteor,2024-08-09 08:33:02,2024-08-09 08:33:04,NASA
193,meteor,2024-08-09 03:24:36,2024-08-09 03:24:38,NASA
194,meteor,2024-08-09 06:00:20,2024-08-09 06:00:22,NASA
195,meteor,2024-08-09 06:35:52,2024-08-09 06:35:54,NASA
196,meteor,2024-08-09 07:14:02,2024-08-09 07:14:04,NASA
197,meteor,2024-08-09 09:53:27,2024-08-09 09:53:29,NASA
198,meteor,2024-08-09 10:05:51,2024-08-09 10:05:53,NASA
199,meteor,2024-08-10 01:59:41,2024-08-10 01:59:43,NASA
200,meteor,2024-08-10 02:25:26,2024-08-10 02:25:28,NASA
201,meteor,2024-08-10 02:25:36,2024-08-10 02:25:38,NASA
202,meteor,2024-08-10 02:36:56,2024-08-10 02:36:58,NASA
203,meteor,2024-08-10 03:05:03,2024-08-10 03:05:05,NASA
204,meteor,2024-08-10 03:09:22,2024-08-10 03:09:24,NASA
205,meteor,2024-08-10 06:41:45,2024-08-10 06:41:47,NASA
206,meteor,2024-08-10 06:42:10,2024-08-10 06:42:12,NASA
207,meteor,2024-08-10 06:50:33,2024-08-10 06:50:35,NASA
208,meteor,2024-08-10 06:51:04,2024-08-10 06:51:06,NASA
209,meteor,2024-08-10 06:54:04,2024-08-10 06:54:06,NASA
210,meteor,2024-08-10 07:06:55,2024-08-10 07:06:57,NASA
211,meteor,2024-08-10 07:15:45,2024-08-10 07:15:47,NASA
212,meteor,2024-08-10 07:15:50,2024-08-10 07:15:52,NASA
213,meteor,2024-08-10 07:21:01,2024-08-10 07:21:03,NASA
214,meteor,2024-08-10 07:27:37,2024-08-10 07:27:39,NASA
215,meteor,2024-08-10 07:28:43,2024-08-10 07:28:45,NASA
216,meteor,2024-08-10 07:38:33,2024-08-10 07:38:35,NASA
217,meteor,2024-08-10 07:45:15,2024-08-10 07:45:17,NASA
218,meteor,2024-08-10 07:52:50,2024-08-10 07:52:52,NASA
219,meteor,2024-08-10 08:07:58,2024-08-10 08:08:00,NASA
220,meteor,2024-08-10 08:10:55,2024-08-10 08:10:57,NASA
221,meteor,2024-08-10 08:25:32,2024-08-10 08:25:34,NASA
222,meteor,2024-08-10 08:26:50,2024-08-10 08:26:52,NASA
223,meteor,2024-08-10 08:47:14,2024-08-10 08:47:16,NASA
224,meteor,2024-08-10 08:54:04,2024-08-10 08:54:06,NASA
225,meteor,2024-08-10 09:01:18,2024-08-10 09:01:20,NASA
226,meteor,2024-08-10 09:06:20,2024-08-10 09:06:22,NASA
227,meteor,2024-08-10 09:06:31,2024-08-10 09:06:33,NASA
228,meteor,2024-08-10 09:07:43,2024-08-10 09:07:45,NASA
229,meteor,2024-08-10 09:14:15,2024-08-10 09:14:17,NASA
230,meteor,2024-08-10 09:39:11,2024-08-10 09:39:13,NASA
231,meteor,2024-08-10 09:39:13,2024-08-10 09:39:15,NASA
232,meteor,2024-08-10 09:40:45,2024-08-10 09:40:47,NASA
233,meteor,2024-08-10 09:43:54,2024-08-10 09:43:56,NASA
234,meteor,2024-08-10 09:54:40,2024-08-10 09:54:42,NASA
235,meteor,2024-08-10 10:07:12,2024-08-10 10:07:14,NASA
236,meteor,2024-08-10 10:15:52,2024-08-10 10:15:54,NASA
237,meteor,2024-08-10 10:16:54,2024-08-10 10:16:56,NASA
238,meteor,2024-08-10 10:28:23,2024-08-10 10:28:25,NASA
239,meteor,2024-08-10 10:48:06,2024-08-10 10:48:08,NASA
240,meteor,2024-08-10 11:00:26,2024-08-10 11:00:28,NASA
241,meteor,2024-08-11 01:52:07,2024-08-11 01:52:09,NASA
242,meteor,2024-08-11 02:40:26,2024-08-11 02:40:28,NASA
243,meteor,2024-08-11 03:11:37,2024-08-11 03:11:39,NASA
244,meteor,2024-08-11 03:13:45,2024-08-11 03:13:47,NASA
245,meteor,2024-08-11 03:14:34,2024-08-11 03:14:36,NASA
246,meteor,2024-08-11 03:18:05,2024-08-11 03:18:07,NASA
247,meteor,2024-08-11 03:42:41,2024-08-11 03:42:43,NASA
248,meteor,2024-08-11 03:48:33,2024-08-11 03:48:35,NASA
249,meteor,2024-08-11 04:11:36,2024-08-11 04:11:38,NASA
250,meteor,2024-08-11 04:13:26,2024-08-11 04:13:28,NASA
251,meteor,2024-08-11 04:16:34,2024-08-11 04:16:36,NASA
252,meteor,2024-08-11 04:17:15,2024-08-11 04:17:17,NASA
253,meteor,2024-08-11 04:58:07,2024-08-11 04:58:09,NASA
254,meteor,2024-08-11 04:59:28,2024-08-11 04:59:30,NASA
255,meteor,2024-08-11 05:13:20,2024-08-11 05:13:22,NASA
256,meteor,2024-08-11 05:18:13,2024-08-11 05:18:15,NASA
257,meteor,2024-08-11 05:22:19,2024-08-11 05:22:21,NASA
258,meteor,2024-08-11 05:29:12,2024-08-11 05:29:14,NASA
259,meteor,2024-08-11 05:38:42,2024-08-11 05:38:44,NASA
260,meteor,2024-08-11 05:49:57,2024-08-11 05:49:59,NASA
261,meteor,2024-08-11 05:59:53,2024-08-11 05:59:55,NASA
262,meteor,2024-08-11 06:10:40,2024-08-11 06:10:42,NASA
263,meteor,2024-08-11 06:13:29,2024-08-11 06:13:31,NASA
264,meteor,2024-08-11 06:17:30,2024-08-11 06:17:32,NASA
265,meteor,2024-08-11 06:21:44,2024-08-11 06:21:46,NASA
266,meteor,2024-08-11 06:27:14,2024-08-11 06:27:16,NASA
267,meteor,2024-08-11 06:28:33,2024-08-11 06:28:35,NASA
268,meteor,2024-08-10 02:12:43,2024-08-10 02:12:45,NASA
269,meteor,2024-08-10 03:01:39,2024-08-10 03:01:41,NASA
270,meteor,2024-08-10 03:13:26,2024-08-10 03:13:28,NASA
271,meteor,2024-08-10 03:58:25,2024-08-10 03:58:27,NASA
272,meteor,2024-08-10 05:18:04,2024-08-10 05:18:06,NASA
273,meteor,2024-08-10 06:18:12,2024-08-10 06:18:14,NASA
274,meteor,2024-08-10 06:55:50,2024-08-10 06:55:52,NASA
275,meteor,2024-08-10 07:25:58,2024-08-10 07:26:00,NASA
276,meteor,2024-08-10 08:22:33,2024-08-10 08:22:35,NASA
277,meteor,2024-08-10 08:34:30,2024-08-10 08:34:32,NASA
278,meteor,2024-08-10 09:02:36,2024-08-10 09:02:38,NASA
279,meteor,2024-08-10 09:24:22,2024-08-10 09:24:24,NASA
280,meteor,2024-08-10 09:53:32,2024-08-10 09:53:34,NASA
281,meteor,2024-08-10 09:58:25,2024-08-10 09:58:27,NASA
282,meteor,2024-08-10 09:59:31,2024-08-10 09:59:33,NASA
283,meteor,2024-08-10 10:01:09,2024-08-10 10:01:11,NASA
284,meteor,2024-08-10 10:15:35,2024-08-10 10:15:37,NASA
285,meteor,2024-08-11 04:58:56,2024-08-11 04:58:58,NASA
286,meteor,2024-08-11 05:18:13,2024-08-11 05:18:15,NASA
287,meteor,2024-08-11 05:22:19,2024-08-11 05:22:21,NASA
288,meteor,2024-08-11 05:49:57,2024-08-11 05:49:59,NASA
289,meteor,2024-08-11 06:04:16,2024-08-11 06:04:18,NASA
290,meteor,2024-08-11 06:11:29,2024-08-11 06:11:31,NASA
291,meteor,2024-08-11 06:12:46,2024-08-11 06:12:48,NASA
292,meteor,2024-08-11 06:30:54,2024-08-11 06:30:56,NASA
293,meteor,2024-08-11 06:45:01,2024-08-11 06:45:03,NASA
294,meteor,2024-08-11 07:12:50,2024-08-11 07:12:52,NASA
295,meteor,2024-08-11 07:30:56,2024-08-11 07:30:58,NASA
296,meteor,2024-08-11 07:35:24,2024-08-11 07:35:26,NASA
297,meteor,2024-08-11 07:51:50,2024-08-11 07:51:52,NASA
298,meteor,2024-08-11 07:56:26,2024-08-11 07:56:28,NASA
299,meteor,2024-08-11 08:23:43,2024-08-11 08:23:45,NASA
300,meteor,2024-08-11 08:35:45,2024-08-11 08:35:47,NASA
301,meteor,2024-08-11 08:37:20,2024-08-11 08:37:22,NASA
302,meteor,2024-08-11 08:37:53,2024-08-11 08:37:55,NASA
303,meteor,2024-08-11 08:41:30,2024-08-11 08:41:32,NASA
304,meteor,2024-08-11 08:50:36,2024-08-11 08:50:38,NASA
305,meteor,2024-08-11 09:14:15,2024-08-11 09:14:17,NASA
306,meteor,2024-08-11 09:37:13,2024-08-11 09:37:15,NASA
307,meteor,2024-08-11 09:45:02,2024-08-11 09:45:04,NASA
308,meteor,2024-08-11 09:54:25,2024-08-11 09:54:27,NASA
309,meteor,2024-08-11 11:25:07,2024-08-11 11:25:09,NASA
310,meteor,2024-08-12 03:23:54,2024-08-12 03:23:56,NASA
311,meteor,2024-08-12 03:44:59,2024-08-12 03:45:01,NASA
312,meteor,2024-08-12 03:45:26,2024-08-12 03:45:28,NASA
313,meteor,2024-08-12 04:04:06,2024-08-12 04:04:08,NASA
314,meteor,2024-08-12 04:28:15,2024-08-12 04:28:17,NASA
315,meteor,2024-08-12 04:49:45,2024-08-12 04:49:47,NASA
316,meteor,2024-08-12 05:23:44,2024-08-12 05:23:46,NASA
317,meteor,2024-08-12 05:25:52,2024-08-12 05:25:54,NASA
318,meteor,2024-08-12 05:26:46,2024-08-12 05:26:48,NASA
319,meteor,2024-08-12 05:32:59,2024-08-12 05:33:01,NASA
320,meteor,2024-08-12 05:49:17,2024-08-12 05:49:19,NASA
321,meteor,2024-08-12 05:54:23,2024-08-12 05:54:25,NASA
322,meteor,2024-08-12 05:54:30,2024-08-12 05:54:32,NASA
323,meteor,2024-08-12 06:00:20,2024-08-12 06:00:22,NASA
324,meteor,2024-08-12 06:00:50,2024-08-12 06:00:52,NASA
325,meteor,2024-08-12 06:01:00,2024-08-12 06:01:02,NASA
326,meteor,2024-08-12 06:02:27,2024-08-12 06:02:29,NASA
327,meteor,2024-08-12 06:05:30,2024-08-12 06:05:32,NASA
328,meteor,2024-08-12 06:06:42,2024-08-12 06:06:44,NASA
329,meteor,2024-08-12 06:26:56,2024-08-12 06:26:58,NASA
330,meteor,2024-08-12 06:27:37,2024-08-12 06:27:39,NASA
331,meteor,2024-08-12 06:28:27,2024-08-12 06:28:29,NASA
332,meteor,2024-08-12 06:28:34,2024-08-12 06:28:36,NASA
333,meteor,2024-08-12 06:34:08,2024-08-12 06:34:10,NASA
334,meteor,2024-08-12 06:35:17,2024-08-12 06:35:19,NASA
335,meteor,2024-08-12 06:35:25,2024-08-12 06:35:27,NASA
336,meteor,2024-08-12 06:36:00,2024-08-12 06:36:02,NASA
337,meteor,2024-08-12 06:38:17,2024-08-12 06:38:19,NASA
338,meteor,2024-08-12 06:38:24,2024-08-12 06:38:26,NASA
339,meteor,2024-08-12 06:39:20,2024-08-12 06:39:22,NASA
340,meteor,2024-08-12 06:44:25,2024-08-12 06:44:27,NASA
341,meteor,2024-08-12 06:46:42,2024-08-12 06:46:44,NASA
342,meteor,2024-08-12 06:47:52,2024-08-12 06:47:54,NASA
343,meteor,2024-08-12 06:49:55,2024-08-12 06:49:57,NASA
344,meteor,2024-08-12 06:50:51,2024-08-12 06:50:53,NASA
345,meteor,2024-08-12 06:54:47,2024-08-12 06:54:49,NASA
346,meteor,2024-08-12 06:55:14,2024-08-12 06:55:16,NASA
347,meteor,2024-08-12 06:57:29,2024-08-12 06:57:31,NASA
348,meteor,2024-08-12 06:59:02,2024-08-12 06:59:04,NASA
349,meteor,2024-08-12 07:04:44,2024-08-12 07:04:46,NASA
350,meteor,2024-08-12 07:07:25,2024-08-12 07:07:27,NASA
351,meteor,2024-08-12 07:10:12,2024-08-12 07:10:14,NASA
352,meteor,2024-08-12 07:11:07,2024-08-12 07:11:09,NASA
353,meteor,2024-08-12 07:11:21,2024-08-12 07:11:23,NASA
354,meteor,2024-08-12 07:14:33,2024-08-12 07:14:35,NASA
355,meteor,2024-08-12 07:20:38,2024-08-12 07:20:40,NASA
356,meteor,2024-08-12 07:22:31,2024-08-12 07:22:33,NASA
357,meteor,2024-08-12 07:24:11,2024-08-12 07:24:13,NASA
358,meteor,2024-08-12 07:28:16,2024-08-12 07:28:18,NASA
359,meteor,2024-08-12 07:30:09,2024-08-12 07:30:11,NASA
360,meteor,2024-08-12 07:31:00,2024-08-12 07:31:02,NASA
361,meteor,2024-08-12 07:33:34,2024-08-12 07:33:36,NASA
362,meteor,2024-08-12 07:34:19,2024-08-12 07:34:21,NASA
363,meteor,2024-08-12 07:36:07,2024-08-12 07:36:09,NASA
364,meteor,2024-08-12 07:37:04,2024-08-12 07:37:06,NASA
365,meteor,2024-08-12 07:39:15,2024-08-12 07:39:17,NASA
366,meteor,2024-08-12 07:40:23,2024-08-12 07:40:25,NASA
367,meteor,2024-08-12 07:42:31,2024-08-12 07:42:33,NASA
368,meteor,2024-08-12 07:44:44,2024-08-12 07:44:46,NASA
369,meteor,2024-08-12 07:45:28,2024-08-12 07:45:30,NASA
370,meteor,2024-08-12 07:48:59,2024-08-12 07:49:01,NASA
371,meteor,2024-08-12 07:49:19,2024-08-12 07:49:21,NASA
372,meteor,2024-08-12 07:49:42,2024-08-12 07:49:44,NASA
373,meteor,2024-08-12 07:51:24,2024-08-12 07:51:26,NASA
374,meteor,2024-08-12 07:51:24,2024-08-12 07:51:26,NASA
375,meteor,2024-08-12 07:52:07,2024-08-12 07:52:09,NASA
376,meteor,2024-08-12 07:55:01,2024-08-12 07:55:03,NASA
377,meteor,2024-08-12 07:57:39,2024-08-12 07:57:41,NASA
378,meteor,2024-08-12 07:59:17,2024-08-12 07:59:19,NASA
379,meteor,2024-08-12 07:59:43,2024-08-12 07:59:45,NASA
380,meteor,2024-08-12 08:00:26,2024-08-12 08:00:28,NASA
381,meteor,2024-08-12 08:02:31,2024-08-12 08:02:33,NASA
382,meteor,2024-08-12 08:03:29,2024-08-12 08:03:31,NASA
383,meteor,2024-08-12 08:05:41,2024-08-12 08:05:43,NASA
384,meteor,2024-08-12 08:07:37,2024-08-12 08:07:39,NASA
385,meteor,2024-08-12 08:13:13,2024-08-12 08:13:15,NASA
386,meteor,2024-08-12 08:17:29,2024-08-12 08:17:31,NASA
387,meteor,2024-08-12 08:18:07,2024-08-12 08:18:09,NASA
388,meteor,2024-08-12 08:25:16,2024-08-12 08:25:18,NASA
389,meteor,2024-08-12 08:26:08,2024-08-12 08:26:10,NASA
390,meteor,2024-08-12 08:26:15,2024-08-12 08:26:17,NASA
391,meteor,2024-08-12 08:27:46,2024-08-12 08:27:48,NASA
392,meteor,2024-08-12 08:28:29,2024-08-12 08:28:31,NASA
393,meteor,2024-08-12 08:29:08,2024-08-12 08:29:10,NASA
394,meteor,2024-08-12 08:33:07,2024-08-12 08:33:09,NASA
395,meteor,2024-08-12 08:41:09,2024-08-12 08:41:11,NASA
396,meteor,2024-08-12 08:41:35,2024-08-12 08:41:37,NASA
397,meteor,2024-08-12 08:42:28,2024-08-12 08:42:30,NASA
398,meteor,2024-08-12 08:43:00,2024-08-12 08:43:02,NASA
399,meteor,2024-08-12 08:44:20,2024-08-12 08:44:22,NASA
400,meteor,2024-08-12 08:44:41,2024-08-12 08:44:43,NASA
401,meteor,2024-08-12 08:49:22,2024-08-12 08:49:24,NASA
402,meteor,2024-08-12 08:51:51,2024-08-12 08:51:53,NASA
403,meteor,2024-08-12 08:52:09,2024-08-12 08:52:11,NASA
404,meteor,2024-08-12 08:54:18,2024-08-12 08:54:20,NASA
405,meteor,2024-08-12 08:55:57,2024-08-12 08:55:59,NASA
406,meteor,2024-08-12 08:56:33,2024-08-12 08:56:35,NASA
407,meteor,2024-08-12 08:56:46,2024-08-12 08:56:48,NASA
408,meteor,2024-08-12 08:59:02,2024-08-12 08:59:04,NASA
409,meteor,2024-08-12 08:59:20,2024-08-12 08:59:22,NASA
410,meteor,2024-08-12 08:59:46,2024-08-12 08:59:48,NASA
411,meteor,2024-08-12 08:59:58,2024-08-12 09:00:00,NASA
412,meteor,2024-08-12 09:00:26,2024-08-12 09:00:28,NASA
413,meteor,2024-08-12 09:00:59,2024-08-12 09:01:01,NASA
414,meteor,2024-08-12 09:03:20,2024-08-12 09:03:22,NASA
415,meteor,2024-08-12 09:05:46,2024-08-12 09:05:48,NASA
416,meteor,2024-08-12 09:07:48,2024-08-12 09:07:50,NASA
417,meteor,2024-08-12 09:08:14,2024-08-12 09:08:16,NASA
418,meteor,2024-08-12 09:08:28,2024-08-12 09:08:30,NASA
419,meteor,2024-08-12 09:10:09,2024-08-12 09:10:11,NASA
420,meteor,2024-08-12 09:15:31,2024-08-12 09:15:33,NASA
421,meteor,2024-08-12 09:17:03,2024-08-12 09:17:05,NASA
422,meteor,2024-08-12 09:20:43,2024-08-12 09:20:45,NASA
423,meteor,2024-08-12 09:22:29,2024-08-12 09:22:31,NASA
424,meteor,2024-08-12 09:25:31,2024-08-12 09:25:33,NASA
425,meteor,2024-08-12 09:28:17,2024-08-12 09:28:19,NASA
426,meteor,2024-08-12 09:29:08,2024-08-12 09:29:10,NASA
427,meteor,2024-08-12 09:29:44,2024-08-12 09:29:46,NASA
428,meteor,2024-08-12 09:29:48,2024-08-12 09:29:50,NASA
429,meteor,2024-08-12 09:31:19,2024-08-12 09:31:21,NASA
430,meteor,2024-08-12 09:38:01,2024-08-12 09:38:03,NASA
431,meteor,2024-08-12 09:39:24,2024-08-12 09:39:26,NASA
432,meteor,2024-08-12 09:44:59,2024-08-12 09:45:01,NASA
433,meteor,2024-08-12 09:47:15,2024-08-12 09:47:17,NASA
434,meteor,2024-08-12 09:51:21,2024-08-12 09:51:23,NASA
435,meteor,2024-08-12 09:52:17,2024-08-12 09:52:19,NASA
436,meteor,2024-08-12 09:55:24,2024-08-12 09:55:26,NASA
437,meteor,2024-08-12 09:58:28,2024-08-12 09:58:30,NASA
438,meteor,2024-08-12 10:01:05,2024-08-12 10:01:07,NASA
439,meteor,2024-08-12 10:01:55,2024-08-12 10:01:57,NASA
440,meteor,2024-08-12 10:02:11,2024-08-12 10:02:13,NASA
441,meteor,2024-08-12 10:07:37,2024-08-12 10:07:39,NASA
442,meteor,2024-08-12 10:15:52,2024-08-12 10:15:54,NASA
443,meteor,2024-08-12 10:19:28,2024-08-12 10:19:30,NASA
444,meteor,2024-08-12 10:26:02,2024-08-12 10:26:04,NASA
445,meteor,2024-08-12 10:26:45,2024-08-12 10:26:47,NASA
446,meteor,2024-08-12 10:33:09,2024-08-12 10:33:11,NASA
447,meteor,2024-08-12 10:34:33,2024-08-12 10:34:35,NASA
448,meteor,2024-08-12 10:35:54,2024-08-12 10:35:56,NASA
449,meteor,2024-08-12 10:39:18,2024-08-12 10:39:20,NASA
450,meteor,2024-08-12 10:40:32,2024-08-12 10:40:34,NASA
451,meteor,2024-08-12 10:50:11,2024-08-12 10:50:13,NASA
452,meteor,2024-08-12 10:56:29,2024-08-12 10:56:31,NASA
453,meteor,2024-08-12 10:58:51,2024-08-12 10:58:53,NASA
454,meteor,2024-08-12 11:01:45,2024-08-12 11:01:47,NASA
455,meteor,2024-08-12 11:11:11,2024-08-12 11:11:13,NASA
456,meteor,2024-08-12 11:12:18,2024-08-12 11:12:20,NASA
457,meteor,2024-08-12 11:14:20,2024-08-12 11:14:22,NASA
458,meteor,2024-08-12 11:17:10,2024-08-12 11:17:12,NASA
459,meteor,2024-08-12 11:22:49,2024-08-12 11:22:51,NASA
460,meteor,2024-08-12 11:26:06,2024-08-12 11:26:08,NASA
461,meteor,2024-08-12 11:27:57,2024-08-12 11:27:59,NASA
462,meteor,2024-08-12 11:30:32,2024-08-12 11:30:34,NASA
463,meteor,2024-08-12 11:36:00,2024-08-12 11:36:02,NASA
464,meteor,2024-08-12 11:52:32,2024-08-12 11:52:34,NASA
465,meteor,2024-08-12 05:02:30,2024-08-12 05:02:32,NASA
466,meteor,2024-08-12 05:04:17,2024-08-12 05:04:19,NASA
467,meteor,2024-08-12 05:13:26,2024-08-12 05:13:28,NASA
468,meteor,2024-08-12 05:53:54,2024-08-12 05:53:56,NASA
469,meteor,2024-08-12 06:25:28,2024-08-12 06:25:30,NASA
470,meteor,2024-08-12 06:26:47,2024-08-12 06:26:49,NASA
471,meteor,2024-08-12 06:42:02,2024-08-12 06:42:04,NASA
472,meteor,2024-08-12 06:47:06,2024-08-12 06:47:08,NASA
473,meteor,2024-08-12 06:47:52,2024-08-12 06:47:54,NASA
474,meteor,2024-08-12 06:53:36,2024-08-12 06:53:38,NASA
475,meteor,2024-08-12 06:53:54,2024-08-12 06:53:56,NASA
476,meteor,2024-08-12 06:56:23,2024-08-12 06:56:25,NASA
477,meteor,2024-08-12 06:56:36,2024-08-12 06:56:38,NASA
478,meteor,2024-08-12 06:57:37,2024-08-12 06:57:39,NASA
479,meteor,2024-08-12 07:11:12,2024-08-12 07:11:14,NASA
480,meteor,2024-08-12 07:18:22,2024-08-12 07:18:24,NASA
481,meteor,2024-08-12 07:18:33,2024-08-12 07:18:35,NASA
482,meteor,2024-08-12 07:29:03,2024-08-12 07:29:05,NASA
483,meteor,2024-08-12 07:39:47,2024-08-12 07:39:49,NASA
484,meteor,2024-08-12 07:51:24,2024-08-12 07:51:26,NASA
485,meteor,2024-08-12 08:00:41,2024-08-12 08:00:43,NASA
486,meteor,2024-08-12 08:01:55,2024-08-12 08:01:57,NASA
487,meteor,2024-08-12 08:05:09,2024-08-12 08:05:11,NASA
488,meteor,2024-08-12 08:12:58,2024-08-12 08:13:00,NASA
489,meteor,2024-08-12 08:26:08,2024-08-12 08:26:10,NASA
490,meteor,2024-08-12 08:27:46,2024-08-12 08:27:48,NASA
491,meteor,2024-08-12 08:36:51,2024-08-12 08:36:53,NASA
492,meteor,2024-08-12 08:38:25,2024-08-12 08:38:27,NASA
493,meteor,2024-08-12 08:41:25,2024-08-12 08:41:27,NASA
494,meteor,2024-08-12 08:44:46,2024-08-12 08:44:48,NASA
495,meteor,2024-08-12 08:50:33,2024-08-12 08:50:35,NASA
497,meteor,2024-08-12 09:08:01,2024-08-12 09:08:03,NASA
498,meteor,2024-08-12 09:08:14,2024-08-12 09:08:16,NASA
499,meteor,2024-08-12 09:10:35,2024-08-12 09:10:37,NASA
500,meteor,2024-08-12 09:13:15,2024-08-12 09:13:17,NASA
501,meteor,2024-08-12 09:15:53,2024-08-12 09:15:55,NASA
502,meteor,2024-08-12 09:18:21,2024-08-12 09:18:23,NASA
503,meteor,2024-08-12 09:19:37,2024-08-12 09:19:39,NASA
504,meteor,2024-08-12 09:22:22,2024-08-12 09:22:24,NASA
505,meteor,2024-08-12 09:31:06,2024-08-12 09:31:08,NASA
506,meteor,2024-08-12 09:38:01,2024-08-12 09:38:03,NASA
507,meteor,2024-08-12 09:39:28,2024-08-12 09:39:30,NASA
508,meteor,2024-08-12 09:39:56,2024-08-12 09:39:58,NASA
509,meteor,2024-08-12 09:47:23,2024-08-12 09:47:25,NASA
510,meteor,2024-08-12 09:56:36,2024-08-12 09:56:38,NASA
511,meteor,2024-08-12 10:49:35,2024-08-12 10:49:37,NASA
512,meteor,2024-08-12 11:21:19,2024-08-12 11:21:21,NASA
513,meteor,2024-08-12 11:27:07,2024-08-12 11:27:09,NASA
514,meteor,2024-08-12 11:39:27,2024-08-12 11:39:29,NASA
515,meteor,2024-08-13 02:00:19,2024-08-13 02:00:21,NASA
516,meteor,2024-08-13 02:15:02,2024-08-13 02:15:04,NASA
517,meteor,2024-08-13 02:51:23,2024-08-13 02:51:25,NASA
518,meteor,2024-08-13 03:03:27,2024-08-13 03:03:29,NASA
519,meteor,2024-08-13 03:04:11,2024-08-13 03:04:13,NASA
520,meteor,2024-08-13 03:06:13,2024-08-13 03:06:15,NASA
521,meteor,2024-08-13 03:11:15,2024-08-13 03:11:17,NASA
522,meteor,2024-08-13 03:24:33,2024-08-13 03:24:35,NASA
523,meteor,2024-08-13 03:32:48,2024-08-13 03:32:50,NASA
524,meteor,2024-08-13 03:34:53,2024-08-13 03:34:55,NASA
525,meteor,2024-08-13 03:43:29,2024-08-13 03:43:31,NASA
526,meteor,2024-08-13 04:02:55,2024-08-13 04:02:57,NASA
527,meteor,2024-08-13 04:13:21,2024-08-13 04:13:23,NASA
528,meteor,2024-08-13 04:25:55,2024-08-13 04:25:57,NASA
529,meteor,2024-08-13 04:27:21,2024-08-13 04:27:23,NASA
530,meteor,2024-08-13 04:44:07,2024-08-13 04:44:09,NASA
531,meteor,2024-08-13 05:02:35,2024-08-13 05:02:37,NASA
532,meteor,2024-08-13 05:09:01,2024-08-13 05:09:03,NASA
533,meteor,2024-08-13 05:11:06,2024-08-13 05:11:08,NASA
534,meteor,2024-08-13 05:24:39,2024-08-13 05:24:41,NASA
535,meteor,2024-08-13 05:27:04,2024-08-13 05:27:06,NASA
536,meteor,2024-08-13 05:29:43,2024-08-13 05:29:45,NASA
537,meteor,2024-08-13 05:31:42,2024-08-13 05:31:44,NASA
538,meteor,2024-08-13 05:32:45,2024-08-13 05:32:47,NASA
539,meteor,2024-08-13 05:33:22,2024-08-13 05:33:24,NASA
540,meteor,2024-08-13 05:38:39,2024-08-13 05:38:41,NASA
541,meteor,2024-08-13 05:58:00,2024-08-13 05:58:02,NASA
542,meteor,2024-08-13 06:05:53,2024-08-13 06:05:55,NASA
543,meteor,2024-08-13 06:10:22,2024-08-13 06:10:24,NASA
544,meteor,2024-08-13 06:11:55,2024-08-13 06:11:57,NASA
545,meteor,2024-08-13 06:14:30,2024-08-13 06:14:32,NASA
546,meteor,2024-08-13 06:14:51,2024-08-13 06:14:53,NASA
547,meteor,2024-08-13 06:25:37,2024-08-13 06:25:39,NASA
548,meteor,2024-08-13 06:26:42,2024-08-13 06:26:44,NASA
549,meteor,2024-08-13 06:26:58,2024-08-13 06:27:00,NASA
550,meteor,2024-08-13 06:27:16,2024-08-13 06:27:18,NASA
551,meteor,2024-08-13 06:32:14,2024-08-13 06:32:16,NASA
552,meteor,2024-08-13 06:33:40,2024-08-13 06:33:42,NASA
553,meteor,2024-08-13 06:42:18,2024-08-13 06:42:20,NASA
554,meteor,2024-08-13 06:50:09,2024-08-13 06:50:11,NASA
555,meteor,2024-08-13 06:59:54,2024-08-13 06:59:56,NASA
556,meteor,2024-08-13 07:01:25,2024-08-13 07:01:27,NASA
557,meteor,2024-08-13 07:02:07,2024-08-13 07:02:09,NASA
558,meteor,2024-08-13 07:06:09,2024-08-13 07:06:11,NASA
559,meteor,2024-08-13 07:12:05,2024-08-13 07:12:07,NASA
560,meteor,2024-08-13 07:15:07,2024-08-13 07:15:09,NASA
561,meteor,2024-08-13 07:16:31,2024-08-13 07:16:33,NASA
562,meteor,2024-08-13 07:18:57,2024-08-13 07:18:59,NASA
563,meteor,2024-08-13 07:19:47,2024-08-13 07:19:49,NASA
564,meteor,2024-08-13 07:23:06,2024-08-13 07:23:08,NASA
565,meteor,2024-08-13 07:24:42,2024-08-13 07:24:44,NASA
566,meteor,2024-08-13 07:25:56,2024-08-13 07:25:58,NASA
567,meteor,2024-08-13 07:29:43,2024-08-13 07:29:45,NASA
568,meteor,2024-08-13 07:30:28,2024-08-13 07:30:30,NASA
569,meteor,2024-08-13 07:33:27,2024-08-13 07:33:29,NASA
570,meteor,2024-08-13 07:35:33,2024-08-13 07:35:35,NASA
571,meteor,2024-08-13 07:36:32,2024-08-13 07:36:34,NASA
572,meteor,2024-08-13 07:37:22,2024-08-13 07:37:24,NASA
573,meteor,2024-08-13 07:38:18,2024-08-13 07:38:20,NASA
574,meteor,2024-08-13 07:39:04,2024-08-13 07:39:06,NASA
575,meteor,2024-08-13 07:40:23,2024-08-13 07:40:25,NASA
576,meteor,2024-08-13 07:41:22,2024-08-13 07:41:24,NASA
577,meteor,2024-08-13 07:44:26,2024-08-13 07:44:28,NASA
578,meteor,2024-08-13 07:45:03,2024-08-13 07:45:05,NASA
579,meteor,2024-08-13 07:49:03,2024-08-13 07:49:05,NASA
580,meteor,2024-08-13 07:51:14,2024-08-13 07:51:16,NASA
581,meteor,2024-08-13 07:52:21,2024-08-13 07:52:23,NASA
582,meteor,2024-08-13 07:56:27,2024-08-13 07:56:29,NASA
583,meteor,2024-08-13 07:56:43,2024-08-13 07:56:45,NASA
584,meteor,2024-08-13 07:57:16,2024-08-13 07:57:18,NASA
585,meteor,2024-08-13 08:03:00,2024-08-13 08:03:02,NASA
586,meteor,2024-08-13 08:06:52,2024-08-13 08:06:54,NASA
587,meteor,2024-08-13 08:09:39,2024-08-13 08:09:41,NASA
588,meteor,2024-08-13 08:10:11,2024-08-13 08:10:13,NASA
589,meteor,2024-08-13 08:14:51,2024-08-13 08:14:53,NASA
590,meteor,2024-08-13 08:16:13,2024-08-13 08:16:15,NASA
591,meteor,2024-08-13 08:18:13,2024-08-13 08:18:15,NASA
592,meteor,2024-08-13 08:21:35,2024-08-13 08:21:37,NASA
593,meteor,2024-08-13 08:23:45,2024-08-13 08:23:47,NASA
594,meteor,2024-08-13 08:24:02,2024-08-13 08:24:04,NASA
595,meteor,2024-08-13 08:25:41,2024-08-13 08:25:43,NASA
596,meteor,2024-08-13 08:26:37,2024-08-13 08:26:39,NASA
597,meteor,2024-08-13 08:27:11,2024-08-13 08:27:13,NASA
598,meteor,2024-08-13 08:28:56,2024-08-13 08:28:58,NASA
599,meteor,2024-08-13 08:31:03,2024-08-13 08:31:05,NASA
600,meteor,2024-08-13 08:31:18,2024-08-13 08:31:20,NASA
601,meteor,2024-08-13 08:32:06,2024-08-13 08:32:08,NASA
602,meteor,2024-08-13 08:32:25,2024-08-13 08:32:27,NASA
603,meteor,2024-08-13 08:32:39,2024-08-13 08:32:41,NASA
604,meteor,2024-08-13 08:33:48,2024-08-13 08:33:50,NASA
605,meteor,2024-08-13 08:34:18,2024-08-13 08:34:20,NASA
606,meteor,2024-08-13 08:35:51,2024-08-13 08:35:53,NASA
607,meteor,2024-08-13 08:37:32,2024-08-13 08:37:34,NASA
608,meteor,2024-08-13 08:38:16,2024-08-13 08:38:18,NASA
609,meteor,2024-08-13 08:41:19,2024-08-13 08:41:21,NASA
610,meteor,2024-08-13 08:42:05,2024-08-13 08:42:07,NASA
611,meteor,2024-08-13 08:42:05,2024-08-13 08:42:07,NASA
612,meteor,2024-08-13 08:44:38,2024-08-13 08:44:40,NASA
613,meteor,2024-08-13 08:45:07,2024-08-13 08:45:09,NASA
614,meteor,2024-08-13 08:46:23,2024-08-13 08:46:25,NASA
615,meteor,2024-08-13 08:49:00,2024-08-13 08:49:02,NASA
616,meteor,2024-08-13 08:51:38,2024-08-13 08:51:40,NASA
617,meteor,2024-08-13 08:52:39,2024-08-13 08:52:41,NASA
618,meteor,2024-08-13 08:55:12,2024-08-13 08:55:14,NASA
619,meteor,2024-08-13 08:56:03,2024-08-13 08:56:05,NASA
620,meteor,2024-08-13 08:56:45,2024-08-13 08:56:47,NASA
621,meteor,2024-08-13 08:57:10,2024-08-13 08:57:12,NASA
622,meteor,2024-08-13 08:59:26,2024-08-13 08:59:28,NASA
623,meteor,2024-08-13 09:00:10,2024-08-13 09:00:12,NASA
624,meteor,2024-08-13 09:02:04,2024-08-13 09:02:06,NASA
625,meteor,2024-08-13 09:04:55,2024-08-13 09:04:57,NASA
626,meteor,2024-08-13 09:05:11,2024-08-13 09:05:13,NASA
627,meteor,2024-08-13 09:09:11,2024-08-13 09:09:13,NASA
628,meteor,2024-08-13 09:09:24,2024-08-13 09:09:26,NASA
629,meteor,2024-08-13 09:09:59,2024-08-13 09:10:01,NASA
630,meteor,2024-08-13 09:11:29,2024-08-13 09:11:31,NASA
631,meteor,2024-08-13 09:11:30,2024-08-13 09:11:32,NASA
632,meteor,2024-08-13 09:11:50,2024-08-13 09:11:52,NASA
633,meteor,2024-08-13 09:11:53,2024-08-13 09:11:55,NASA
634,meteor,2024-08-13 09:12:17,2024-08-13 09:12:19,NASA
635,meteor,2024-08-13 09:15:55,2024-08-13 09:15:57,NASA
636,meteor,2024-08-13 09:18:22,2024-08-13 09:18:24,NASA
637,meteor,2024-08-13 09:20:30,2024-08-13 09:20:32,NASA
638,meteor,2024-08-13 09:21:47,2024-08-13 09:21:49,NASA
639,meteor,2024-08-13 09:21:57,2024-08-13 09:21:59,NASA
640,meteor,2024-08-13 09:22:36,2024-08-13 09:22:38,NASA
641,meteor,2024-08-13 09:22:59,2024-08-13 09:23:01,NASA
642,meteor,2024-08-13 09:24:33,2024-08-13 09:24:35,NASA
643,meteor,2024-08-13 09:27:26,2024-08-13 09:27:28,NASA
644,meteor,2024-08-13 09:33:37,2024-08-13 09:33:39,NASA
645,meteor,2024-08-13 09:38:54,2024-08-13 09:38:56,NASA
646,meteor,2024-08-13 09:39:32,2024-08-13 09:39:34,NASA
647,meteor,2024-08-13 09:43:29,2024-08-13 09:43:31,NASA
648,meteor,2024-08-13 09:48:21,2024-08-13 09:48:23,NASA
649,meteor,2024-08-13 09:48:33,2024-08-13 09:48:35,NASA
650,meteor,2024-08-13 09:48:38,2024-08-13 09:48:40,NASA
651,meteor,2024-08-13 09:50:10,2024-08-13 09:50:12,NASA
652,meteor,2024-08-13 09:51:30,2024-08-13 09:51:32,NASA
653,meteor,2024-08-13 09:52:36,2024-08-13 09:52:38,NASA
654,meteor,2024-08-13 09:52:54,2024-08-13 09:52:56,NASA
655,meteor,2024-08-13 09:53:41,2024-08-13 09:53:43,NASA
656,meteor,2024-08-13 09:53:47,2024-08-13 09:53:49,NASA
657,meteor,2024-08-13 09:56:56,2024-08-13 09:56:58,NASA
658,meteor,2024-08-13 09:57:54,2024-08-13 09:57:56,NASA
659,meteor,2024-08-13 09:59:30,2024-08-13 09:59:32,NASA
660,meteor,2024-08-13 10:01:01,2024-08-13 10:01:03,NASA
661,meteor,2024-08-13 10:01:18,2024-08-13 10:01:20,NASA
662,meteor,2024-08-13 10:04:17,2024-08-13 10:04:19,NASA
663,meteor,2024-08-13 10:06:25,2024-08-13 10:06:27,NASA
664,meteor,2024-08-13 10:06:50,2024-08-13 10:06:52,NASA
665,meteor,2024-08-13 10:07:50,2024-08-13 10:07:52,NASA
666,meteor,2024-08-13 10:08:25,2024-08-13 10:08:27,NASA
667,meteor,2024-08-13 10:13:19,2024-08-13 10:13:21,NASA
668,meteor,2024-08-13 10:15:12,2024-08-13 10:15:14,NASA
669,meteor,2024-08-13 10:17:11,2024-08-13 10:17:13,NASA
670,meteor,2024-08-13 10:20:18,2024-08-13 10:20:20,NASA
671,meteor,2024-08-13 10:21:09,2024-08-13 10:21:11,NASA
672,meteor,2024-08-13 10:28:29,2024-08-13 10:28:31,NASA
673,meteor,2024-08-13 10:34:21,2024-08-13 10:34:23,NASA
674,meteor,2024-08-13 11:28:44,2024-08-13 11:28:46,NASA
675,meteor,2024-08-13 11:38:14,2024-08-13 11:38:16,NASA
676,meteor,2024-08-13 11:59:45,2024-08-13 11:59:47,NASA
684,meteor,2024-08-13 02:51:23,2024-08-13 02:51:25,NASA
685,meteor,2024-08-13 04:06:44,2024-08-13 04:06:46,NASA
686,meteor,2024-08-13 05:31:42,2024-08-13 05:31:44,NASA
687,meteor,2024-08-13 06:38:15,2024-08-13 06:38:17,NASA
688,meteor,2024-08-13 06:41:22,2024-08-13 06:41:24,NASA
689,meteor,2024-08-13 06:56:31,2024-08-13 06:56:33,NASA
690,meteor,2024-08-13 07:16:58,2024-08-13 07:17:00,NASA
691,meteor,2024-08-13 07:22:40,2024-08-13 07:22:42,NASA
692,meteor,2024-08-13 07:39:04,2024-08-13 07:39:06,NASA
693,meteor,2024-08-13 07:44:25,2024-08-13 07:44:27,NASA
694,meteor,2024-08-13 07:50:28,2024-08-13 07:50:30,NASA
695,meteor,2024-08-13 08:03:20,2024-08-13 08:03:22,NASA
696,meteor,2024-08-13 08:05:52,2024-08-13 08:05:54,NASA
697,meteor,2024-08-13 08:09:06,2024-08-13 08:09:08,NASA
698,meteor,2024-08-13 08:11:33,2024-08-13 08:11:35,NASA
699,meteor,2024-08-13 08:12:14,2024-08-13 08:12:16,NASA
700,meteor,2024-08-13 08:15:40,2024-08-13 08:15:42,NASA
701,meteor,2024-08-13 08:17:53,2024-08-13 08:17:55,NASA
702,meteor,2024-08-13 08:23:28,2024-08-13 08:23:30,NASA
703,meteor,2024-08-13 08:27:01,2024-08-13 08:27:03,NASA
704,meteor,2024-08-13 08:29:30,2024-08-13 08:29:32,NASA
705,meteor,2024-08-13 08:47:43,2024-08-13 08:47:45,NASA
706,meteor,2024-08-13 08:50:28,2024-08-13 08:50:30,NASA
707,meteor,2024-08-13 08:57:10,2024-08-13 08:57:12,NASA
708,meteor,2024-08-13 08:58:59,2024-08-13 08:59:01,NASA
709,meteor,2024-08-13 09:26:34,2024-08-13 09:26:36,NASA
710,meteor,2024-08-13 09:33:02,2024-08-13 09:33:04,NASA
711,meteor,2024-08-13 09:45:27,2024-08-13 09:45:29,NASA
712,meteor,2024-08-13 09:48:33,2024-08-13 09:48:35,NASA
713,meteor,2024-08-13 09:55:28,2024-08-13 09:55:30,NASA
714,meteor,2024-08-13 10:02:32,2024-08-13 10:02:34,NASA
715,meteor,2024-08-13 10:23:22,2024-08-13 10:23:24,NASA
716,meteor,2024-08-13 11:26:01,2024-08-13 11:26:03,NASA
717,meteor,2024-08-13 11:42:25,2024-08-13 11:42:27,NASA
718,meteor,2024-08-14 01:34:54,2024-08-14 01:34:56,NASA
719,meteor,2024-08-14 02:27:18,2024-08-14 02:27:20,NASA
720,meteor,2024-08-14 02:59:12,2024-08-14 02:59:14,NASA
721,meteor,2024-08-14 03:26:23,2024-08-14 03:26:25,NASA
722,meteor,2024-08-14 04:24:15,2024-08-14 04:24:17,NASA
723,meteor,2024-08-14 04:37:21,2024-08-14 04:37:23,NASA
724,meteor,2024-08-14 04:48:11,2024-08-14 04:48:13,NASA
725,meteor,2024-08-14 05:18:54,2024-08-14 05:18:56,NASA
726,meteor,2024-08-14 05:25:16,2024-08-14 05:25:18,NASA
727,meteor,2024-08-14 05:26:15,2024-08-14 05:26:17,NASA
728,meteor,2024-08-14 05:30:15,2024-08-14 05:30:17,NASA
729,meteor,2024-08-14 05:59:28,2024-08-14 05:59:30,NASA
730,meteor,2024-08-14 06:08:00,2024-08-14 06:08:02,NASA
731,meteor,2024-08-14 06:22:38,2024-08-14 06:22:40,NASA
732,meteor,2024-08-14 06:29:42,2024-08-14 06:29:44,NASA
733,meteor,2024-08-14 06:31:07,2024-08-14 06:31:09,NASA
734,meteor,2024-08-14 06:33:05,2024-08-14 06:33:07,NASA
735,meteor,2024-08-14 06:39:15,2024-08-14 06:39:17,NASA
736,meteor,2024-08-14 06:46:51,2024-08-14 06:46:53,NASA
737,meteor,2024-08-14 06:47:15,2024-08-14 06:47:17,NASA
738,meteor,2024-08-14 06:53:08,2024-08-14 06:53:10,NASA
739,meteor,2024-08-14 07:16:30,2024-08-14 07:16:32,NASA
740,meteor,2024-08-14 07:28:01,2024-08-14 07:28:03,NASA
741,meteor,2024-08-14 07:28:24,2024-08-14 07:28:26,NASA
742,meteor,2024-08-14 07:34:10,2024-08-14 07:34:12,NASA
743,meteor,2024-08-14 07:46:54,2024-08-14 07:46:56,NASA
744,meteor,2024-08-14 08:04:55,2024-08-14 08:04:57,NASA
745,meteor,2024-08-14 08:09:10,2024-08-14 08:09:12,NASA
746,meteor,2024-08-14 08:15:02,2024-08-14 08:15:04,NASA
747,meteor,2024-08-14 08:41:27,2024-08-14 08:41:29,NASA
748,meteor,2024-08-14 08:41:48,2024-08-14 08:41:50,NASA
749,meteor,2024-08-14 08:43:06,2024-08-14 08:43:08,NASA
750,meteor,2024-08-14 08:44:29,2024-08-14 08:44:31,NASA
751,meteor,2024-08-14 09:14:16,2024-08-14 09:14:18,NASA
752,meteor,2024-08-14 09:20:13,2024-08-14 09:20:15,NASA
753,meteor,2024-08-14 09:22:52,2024-08-14 09:22:54,NASA
754,meteor,2024-08-14 09:30:39,2024-08-14 09:30:41,NASA
755,meteor,2024-08-14 09:40:05,2024-08-14 09:40:07,NASA
756,meteor,2024-08-14 10:02:00,2024-08-14 10:02:02,NASA
757,meteor,2024-08-14 10:19:12,2024-08-14 10:19:14,NASA
758,meteor,2024-08-14 10:53:49,2024-08-14 10:53:51,NASA
759,meteor,2024-08-14 11:45:20,2024-08-14 11:45:22,NASA
762,meteor,2024-08-14 01:15:22,2024-08-14 01:15:24,NASA
763,meteor,2024-08-14 02:21:29,2024-08-14 02:21:31,NASA
764,meteor,2024-08-14 03:01:08,2024-08-14 03:01:10,NASA
765,meteor,2024-08-14 03:37:10,2024-08-14 03:37:12,NASA
766,meteor,2024-08-14 04:48:46,2024-08-14 04:48:48,NASA
767,meteor,2024-08-14 06:16:33,2024-08-14 06:16:35,NASA
768,meteor,2024-08-14 07:23:42,2024-08-14 07:23:44,NASA
769,meteor,2024-08-14 07:26:14,2024-08-14 07:26:16,NASA
770,meteor,2024-08-14 07:46:14,2024-08-14 07:46:16,NASA
771,meteor,2024-08-14 08:52:33,2024-08-14 08:52:35,NASA
772,meteor,2024-08-14 09:20:36,2024-08-14 09:20:38,NASA
773,meteor,2024-08-14 10:47:07,2024-08-14 10:47:09,NASA
774,meteor,2024-08-15 02:33:52,2024-08-15 02:33:54,NASA
775,meteor,2024-08-15 03:33:12,2024-08-15 03:33:14,NASA
776,meteor,2024-08-15 03:56:07,2024-08-15 03:56:09,NASA
777,meteor,2024-08-15 04:04:10,2024-08-15 04:04:12,NASA
778,meteor,2024-08-15 04:25:28,2024-08-15 04:25:30,NASA
779,meteor,2024-08-15 05:12:42,2024-08-15 05:12:44,NASA
780,meteor,2024-08-15 06:16:05,2024-08-15 06:16:07,NASA
781,meteor,2024-08-15 06:16:12,2024-08-15 06:16:14,NASA
782,meteor,2024-08-15 06:27:40,2024-08-15 06:27:42,NASA
783,meteor,2024-08-15 06:38:08,2024-08-15 06:38:10,NASA
784,meteor,2024-08-15 07:04:48,2024-08-15 07:04:50,NASA
785,meteor,2024-08-15 07:14:33,2024-08-15 07:14:35,NASA
786,meteor,2024-08-15 07:44:17,2024-08-15 07:44:19,NASA
787,meteor,2024-08-15 07:57:26,2024-08-15 07:57:28,NASA
788,meteor,2024-08-15 08:29:00,2024-08-15 08:29:02,NASA
789,meteor,2024-08-15 08:43:19,2024-08-15 08:43:21,NASA
790,meteor,2024-08-15 08:51:33,2024-08-15 08:51:35,NASA
791,meteor,2024-08-15 08:53:50,2024-08-15 08:53:52,NASA
792,meteor,2024-08-15 09:00:15,2024-08-15 09:00:17,NASA
793,meteor,2024-08-15 09:00:32,2024-08-15 09:00:34,NASA
794,meteor,2024-08-15 09:04:20,2024-08-15 09:04:22,NASA
795,meteor,2024-08-15 09:12:26,2024-08-15 09:12:28,NASA
796,meteor,2024-08-15 09:18:20,2024-08-15 09:18:22,NASA
797,meteor,2024-08-15 10:08:08,2024-08-15 10:08:10,NASA
798,meteor,2024-08-15 11:17:47,2024-08-15 11:17:49,NASA
801,meteor,2024-08-15 02:48:53,2024-08-15 02:48:55,NASA
802,meteor,2024-08-15 03:56:07,2024-08-15 03:56:09,NASA
803,meteor,2024-08-15 05:56:51,2024-08-15 05:56:53,NASA
804,meteor,2024-08-15 06:39:31,2024-08-15 06:39:33,NASA
805,meteor,2024-08-15 09:23:05,2024-08-15 09:23:07,NASA
806,meteor,2024-08-15 10:47:54,2024-08-15 10:47:56,NASA
807,meteor,2024-08-15 11:22:44,2024-08-15 11:22:46,NASA
808,meteor,2024-08-16 02:07:42,2024-08-16 02:07:44,NASA
809,meteor,2024-08-16 05:41:20,2024-08-16 05:41:22,NASA
810,meteor,2024-08-16 08:09:55,2024-08-16 08:09:57,NASA
811,meteor,2024-08-16 08:24:12,2024-08-16 08:24:14,NASA
812,meteor,2024-08-16 08:43:34,2024-08-16 08:43:36,NASA
813,meteor,2024-08-16 08:57:19,2024-08-16 08:57:21,NASA
814,meteor,2024-08-16 09:04:18,2024-08-16 09:04:20,NASA
815,meteor,2024-08-16 09:44:17,2024-08-16 09:44:19,NASA
816,meteor,2024-08-16 10:38:58,2024-08-16 10:39:00,NASA
817,meteor,2024-08-16 10:51:30,2024-08-16 10:51:32,NASA
818,meteor,2024-08-16 11:11:28,2024-08-16 11:11:30,NASA
819,meteor,2024-08-16 11:13:08,2024-08-16 11:13:10,NASA
820,meteor,2024-08-16 11:21:26,2024-08-16 11:21:28,NASA
828,meteor,2024-08-21 01:47:22,2024-08-21 01:47:24,NASA
829,meteor,2024-08-24 03:15:14,2024-08-24 03:15:16,NASA
830,meteor,2024-08-25 02:43:21,2024-08-25 02:43:23,NASA
831,meteor,2024-08-25 03:27:57,2024-08-25 03:27:59,NASA
832,meteor,2024-08-25 09:04:50,2024-08-25 09:04:52,NASA
0,rocket,2024-07-27 05:45:00,2024-07-27 05:53:50,Rocket
1,rocket,2024-07-28 05:09:00,2024-07-28 05:17:50,Rocket
2,rocket,2024-07-28 09:22:00,2024-07-28 09:30:50,Rocket
3,rocket,2024-07-30 10:45:00,2024-07-30 10:54:00,Rocket
4,rocket,2024-08-01 01:14:00,2024-08-01 01:23:00,Rocket
5,rocket,2024-08-02 05:01:00,2024-08-02 05:09:50,Rocket
6,rocket,2024-08-02 04:39:00,2024-08-02 05:39:00,Rocket
7,rocket,2024-08-04 07:24:00,2024-08-04 07:32:50,Rocket
8,rocket,2024-08-04 03:02:53,2024-08-04 03:20:53,Rocket
9,rocket,2024-08-06 06:42:00,2024-08-06 06:51:00,Rocket
10,rocket,2024-08-10 12:50:00,2024-08-10 12:59:00,Rocket
11,rocket,2024-08-11 01:18:00,2024-08-11 02:18:00,Rocket
12,rocket,2024-08-12 02:02:00,2024-08-12 02:50:00,Rocket
13,rocket,2024-08-12 10:37:00,2024-08-12 10:46:00,Rocket
